{"TotalItems": 31, "MenuItems": [{"FoodType": "appetizer", "Name": "nachos", "Price": 2.99}, {"FoodType": "appetizer", "Name": "chips and salsa", "Price": 3.55}, {"FoodType": "appetizer", "Name": "edamame", "Price": 3.95}, {"FoodType": "appetizer", "Name": "pretzel", "Price": 4.95}, {"FoodType": "appetizer", "Name": "onion rings", "Price": 5.97}, {"FoodType": "entree", "Name": "classic chili", "Price": 6.89}, {"FoodType": "entree", "Name": "small cheese pizza", "Price": 7.95}, {"FoodType": "entree", "Name": "carnitas burrito", "Price": 8.0}, {"FoodType": "entree", "Name": "philly roll", "Price": 8.95}, {"FoodType": "entree", "Name": "cuban sandwich", "Price": 9.8}, {"FoodType": "entree", "Name": "fried chicken", "Price": 9.9}, {"FoodType": "entree", "Name": "spaghetti and meatballs", "Price": 9.95}, {"FoodType": "entree", "Name": "cheeseburger", "Price": 11.06}, {"FoodType": "entree", "Name": "pasta carbonara", "Price": 11.79}, {"FoodType": "entree", "Name": "fish and chips", "Price": 12.05}, {"FoodType": "entree", "Name": "beef stroganoff", "Price": 12.15}, {"FoodType": "entree", "Name": "bacon cheeseburger", "Price": 12.95}, {"FoodType": "entree", "Name": "fettuccine alfredo", "Price": 13.05}, {"FoodType": "entree", "Name": "margherita Pizza", "Price": 13.09}, {"FoodType": "entree", "Name": "chicken marsala", "Price": 13.3}, {"FoodType": "entree", "Name": "lasagna with meat sauce", "Price": 15.0}, {"FoodType": "entree", "Name": "biscuits and gravy", "Price": 15.09}, {"FoodType": "entree", "Name": "slow cooker pot roast", "Price": 16.19}, {"FoodType": "entree", "Name": "chicken and waffles", "Price": 16.6}, {"FoodType": "entree", "Name": "deep-dish pizza", "Price": 16.65}, {"FoodType": "entree", "Name": "curried coconut chicken", "Price": 16.89}, {"FoodType": "dessert", "Name": "ice cream scoop", "Price": 1.95}, {"FoodType": "dessert", "Name": "chocolate mousse", "Price": 3.95}, {"FoodType": "dessert", "Name": "gelato", "Price": 4.45}, {"FoodType": "dessert", "Name": "flan", "Price": 4.75}, {"FoodType": "dessert", "Name": "apple pie", "Price": 5.25}]}